No,Debits,Credits,Category,Name,Date
1,4788.56,null,Cash Withdrawal,ATM Withdrawal,2025-04-13T15:43:36
2,782.09,null,Transport,Uber,2025-04-14T02:01:48
3,97.55,null,Food,Milk,2025-04-14T05:36:02
4,2180.17,null,Transfer,UPI Transfer,2025-04-14T14:17:16
5,417.56,null,Groceries,DMart,2025-04-14T23:04:16
6,590.70,null,Transport,Uber,2025-04-15T01:05:21
7,495.92,null,Transport,Uber,2025-04-15T10:50:37
8,2414.02,null,Insurance,Health Insurance,2025-04-15T16:16:25
9,2843.77,null,Healthcare,Apollo Pharmacy,2025-04-16T11:31:06
10,407.32,null,Entertainment,Netflix,2025-04-16T17:00:17
11,null,3802.29,Cash Deposit,Cash Deposit,2025-04-16T19:13:50
12,null,45124.93,Bonus,Performance Bonus,2025-04-17T01:38:17
13,2603.63,null,Utilities,Electricity Bill,2025-04-17T03:39:59
14,492.01,null,Entertainment,BookMyShow,2025-04-17T07:27:25
15,3307.89,null,Fuel,IndianOil,2025-04-17T09:21:01
16,224.90,null,Food,Cafe Coffee Day,2025-04-17T12:45:59
17,1089.09,null,Dining,McDonald's,2025-04-18T11:19:10
18,2835.87,null,Fuel,IndianOil,2025-04-18T21:47:52
19,2677.24,null,Insurance,Health Insurance,2025-04-19T08:13:31
20,951.97,null,Entertainment,BookMyShow,2025-04-19T08:26:27
21,4216.56,null,Shopping,Flipkart,2025-04-19T16:37:52
22,1416.43,null,Healthcare,Apollo Pharmacy,2025-04-21T00:59:07
23,39.76,null,Fees,ATM Withdrawal Fee,2025-04-21T08:04:42
24,981.52,null,Groceries,DMart,2025-04-21T08:36:19
25,6001.13,null,Shopping,Amazon,2025-04-21T18:18:33
26,2950.51,null,Groceries,DMart,2025-04-21T20:39:23
27,8608.51,null,Cash Withdrawal,ATM Withdrawal,2025-04-21T20:41:11
28,3942.54,null,Transfer,UPI Transfer,2025-04-22T00:33:00
29,10282.68,null,Transfer,UPI Transfer,2025-04-22T08:56:49
30,null,1906.03,Cash Deposit,Cash Deposit,2025-04-22T15:23:48
31,null,144713.26,Salary,Monthly Salary,2025-04-23T19:35:06
32,2125.79,null,Travel,IRCTC,2025-04-23T23:24:51
33,449.28,null,Transport,Uber,2025-04-24T02:08:48
34,962.02,null,Transport,Uber,2025-04-25T05:37:44
35,33356.78,null,Rent,House Rent,2025-04-25T12:39:10
36,null,6128.41,Bonus,Performance Bonus,2025-04-25T12:44:18
37,null,49.86,Interest,Savings Interest,2025-04-25T21:37:27
38,1824.52,null,Fuel,IndianOil,2025-04-25T22:46:33
39,387.79,null,Entertainment,BookMyShow,2025-04-26T01:20:51
40,2283.30,null,Shopping,Flipkart,2025-04-26T06:19:49
41,3661.79,null,Travel,IRCTC,2025-04-26T15:23:03
42,null,4023.84,Transfer,Bank Transfer In,2025-04-26T22:28:04
43,22.26,null,Fees,ATM Withdrawal Fee,2025-04-27T01:00:52
44,null,1678.45,Refund,Merchant Refund,2025-04-27T07:38:13
45,null,4726.40,Transfer,Bank Transfer In,2025-04-27T13:04:18
46,3188.52,null,Utilities,Electricity Bill,2025-04-28T00:22:41
47,764.89,null,Transport,Uber,2025-04-28T06:59:18
48,5394.14,null,Cash Withdrawal,ATM Withdrawal,2025-04-28T13:26:37
49,2972.69,null,Fuel,IndianOil,2025-04-28T18:46:36
50,238.52,null,Dining,McDonald's,2025-04-29T09:17:16
51,260.73,null,Entertainment,BookMyShow,2025-04-30T02:12:19
52,1774.08,null,Fuel,IndianOil,2025-04-30T06:14:24
53,2562.51,null,Shopping,Flipkart,2025-04-30T20:25:50
54,394.63,null,Utilities,Water Bill,2025-05-01T00:04:06
55,null,116091.90,Salary,Monthly Salary,2025-05-01T00:32:26
56,356.02,null,Entertainment,BookMyShow,2025-05-01T10:17:53
57,null,4480.23,Transfer,Bank Transfer In,2025-05-01T16:09:43
58,null,22827.50,Bonus,Performance Bonus,2025-05-02T04:55:08
59,2598.76,null,Travel,IRCTC,2025-05-02T10:19:07
60,null,22006.79,Cash Deposit,Cash Deposit,2025-05-02T10:26:04
61,null,2173.58,Refund,Merchant Refund,2025-05-02T19:09:06
62,1386.67,null,Transport,Uber,2025-05-02T19:23:44
63,2318.30,null,Shopping,Flipkart,2025-05-03T07:40:10
64,8428.97,null,Shopping,Amazon,2025-05-03T21:39:03
65,1109.95,null,Dining,McDonald's,2025-05-04T08:34:06
66,null,66624.91,Bonus,Performance Bonus,2025-05-05T00:42:44
67,10239.66,null,Transfer,UPI Transfer,2025-05-05T17:19:09
68,2565.86,null,Utilities,Electricity Bill,2025-05-05T17:20:49
69,570.29,null,Entertainment,BookMyShow,2025-05-06T17:17:41
70,823.60,null,Entertainment,Netflix,2025-05-07T11:02:47
71,259.75,null,Food,Cafe Coffee Day,2025-05-07T22:23:53
72,914.52,null,Entertainment,Netflix,2025-05-08T03:21:07
73,170.86,null,Food,Milk,2025-05-08T10:10:56
74,4872.50,null,Shopping,Amazon,2025-05-09T19:01:57
75,3338.75,null,Groceries,DMart,2025-05-09T22:34:03
76,null,169892.18,Salary,Monthly Salary,2025-05-09T23:23:14
77,6234.60,null,Shopping,Amazon,2025-05-10T01:20:38
78,null,5302.66,Bonus,Performance Bonus,2025-05-10T01:26:38
79,559.82,null,Entertainment,BookMyShow,2025-05-10T06:57:55
80,5712.09,null,Shopping,Flipkart,2025-05-11T08:51:30
81,3825.75,null,Transfer,UPI Transfer,2025-05-11T13:24:31
82,5109.11,null,Shopping,Flipkart,2025-05-11T14:27:48
83,null,706.14,Interest,Savings Interest,2025-05-11T19:29:47
84,22720.30,null,Rent,House Rent,2025-05-12T10:38:03
85,493.50,null,Food,Cafe Coffee Day,2025-05-12T21:20:14
86,776.52,null,Shopping,Amazon,2025-05-12T22:52:47
87,2890.51,null,Travel,IRCTC,2025-05-13T07:53:24
88,219.89,null,Entertainment,Netflix,2025-05-13T14:12:31
89,null,411.64,Interest,Savings Interest,2025-05-14T01:37:03
90,null,126779.14,Salary,Monthly Salary,2025-05-15T08:39:59
91,null,16536.05,Transfer,Bank Transfer In,2025-05-15T14:37:56
92,701.85,null,Utilities,Water Bill,2025-05-16T04:33:20
93,75.81,null,Food,Milk,2025-05-16T04:34:14
94,44.70,null,Fees,ATM Withdrawal Fee,2025-05-16T10:54:59
95,962.44,null,Healthcare,Apollo Pharmacy,2025-05-16T13:04:31
96,28273.28,null,Rent,House Rent,2025-05-17T15:52:05
97,456.93,null,Utilities,Water Bill,2025-05-17T23:39:43
98,1404.15,null,Entertainment,BookMyShow,2025-05-18T03:04:55
99,1161.84,null,Internet,JioFiber,2025-05-18T16:46:30
100,null,1024.14,Transfer,Bank Transfer In,2025-05-18T22:42:46
101,705.14,null,Dining,McDonald's,2025-05-19T06:13:00
102,null,629.28,Interest,Savings Interest,2025-05-19T06:33:53
103,null,24128.70,Cash Deposit,Cash Deposit,2025-05-20T09:17:26
104,2674.25,null,Insurance,Health Insurance,2025-05-20T16:50:38
105,null,2244.33,Transfer,Bank Transfer In,2025-05-21T00:26:58
106,2327.56,null,Healthcare,Apollo Pharmacy,2025-05-21T03:48:05
107,285.17,null,Dining,McDonald's,2025-05-21T07:36:25
108,193.09,null,Entertainment,Netflix,2025-05-21T16:11:44
109,589.68,null,Dining,McDonald's,2025-05-21T20:32:17
110,2453.60,null,Healthcare,Apollo Pharmacy,2025-05-22T03:06:08
111,1029.89,null,Entertainment,BookMyShow,2025-05-22T14:58:06
112,885.69,null,Entertainment,Netflix,2025-05-22T23:03:23
113,688.07,null,Transport,Uber,2025-05-23T03:32:01
114,622.61,null,Utilities,Water Bill,2025-05-23T04:21:11
115,933.46,null,Transport,Uber,2025-05-23T16:40:50
116,122.96,null,Food,Milk,2025-05-23T19:57:15
117,5172.37,null,Cash Withdrawal,ATM Withdrawal,2025-05-23T22:41:21
118,4065.57,null,Utilities,Electricity Bill,2025-05-25T20:02:40
119,39.94,null,Fees,ATM Withdrawal Fee,2025-05-26T01:32:48
120,940.59,null,Entertainment,BookMyShow,2025-05-26T03:19:11
121,135.19,null,Food,Milk,2025-05-27T00:04:47
122,159.30,null,Transfer,UPI Transfer,2025-05-27T07:34:38
123,2620.67,null,Utilities,Electricity Bill,2025-05-27T10:26:21
124,1504.49,null,Internet,JioFiber,2025-05-27T18:15:26
125,378.57,null,Entertainment,BookMyShow,2025-05-27T20:34:32
126,null,17807.18,Transfer,Bank Transfer In,2025-05-28T07:06:49
127,123.47,null,Food,Milk,2025-05-28T07:57:48
128,477.71,null,Entertainment,BookMyShow,2025-05-28T10:06:02
129,4479.49,null,Travel,IRCTC,2025-05-28T15:46:54
130,999.90,null,Entertainment,BookMyShow,2025-05-28T18:44:36
131,1185.11,null,Utilities,Water Bill,2025-05-29T09:37:07
132,1786.20,null,Fuel,IndianOil,2025-05-30T01:29:30
133,137.68,null,Transport,Uber,2025-05-30T14:00:15
134,8704.92,null,Insurance,Health Insurance,2025-05-31T17:33:50
135,627.23,null,Utilities,Water Bill,2025-06-01T15:45:08
136,454.89,null,Food,Cafe Coffee Day,2025-06-02T08:23:36
137,10562.50,null,Transfer,UPI Transfer,2025-06-02T08:53:27
138,6184.67,null,Shopping,Flipkart,2025-06-02T15:18:16
139,193.70,null,Entertainment,Netflix,2025-06-03T08:35:38
140,93.88,null,Food,Milk,2025-06-04T10:20:01
141,5662.20,null,Shopping,Amazon,2025-06-04T21:39:27
142,1705.16,null,Groceries,DMart,2025-06-05T17:03:21
143,115.56,null,Food,Milk,2025-06-06T20:33:05
144,1353.58,null,Shopping,Flipkart,2025-06-06T23:45:17
145,8589.73,null,Insurance,Health Insurance,2025-06-09T07:03:27
146,531.81,null,Food,Cafe Coffee Day,2025-06-09T10:18:18
147,1604.37,null,Travel,IRCTC,2025-06-09T17:41:21
148,1004.28,null,Healthcare,Apollo Pharmacy,2025-06-09T20:13:36
149,null,623.40,Interest,Savings Interest,2025-06-09T22:00:10
150,242.75,null,Transfer,UPI Transfer,2025-06-10T04:22:59
151,1097.65,null,Utilities,Water Bill,2025-06-10T12:00:47
152,null,143696.83,Salary,Monthly Salary,2025-06-10T14:55:55
153,1101.52,null,Transport,Uber,2025-06-10T18:56:06
154,716.93,null,Internet,JioFiber,2025-06-11T01:18:08
155,6389.06,null,Travel,IRCTC,2025-06-11T01:38:09
156,6128.76,null,Transfer,UPI Transfer,2025-06-11T09:28:36
157,5100.18,null,Shopping,Amazon,2025-06-11T14:01:48
158,1701.10,null,Fuel,IndianOil,2025-06-11T21:06:02
159,368.99,null,Entertainment,Netflix,2025-06-11T21:13:35
160,14.83,null,Fees,ATM Withdrawal Fee,2025-06-12T03:51:24
161,436.34,null,Transport,Uber,2025-06-12T08:42:58
162,211.56,null,Dining,McDonald's,2025-06-12T21:00:46
163,null,11847.63,Bonus,Performance Bonus,2025-06-13T03:45:25
164,518.65,null,Entertainment,Netflix,2025-06-13T10:43:04
165,null,2091.13,Refund,Merchant Refund,2025-06-13T12:40:48
166,341.78,null,Transport,Uber,2025-06-13T13:59:31
167,712.64,null,Entertainment,Netflix,2025-06-13T18:09:04
168,5776.18,null,Insurance,Health Insurance,2025-06-13T21:40:14
169,4379.06,null,Travel,IRCTC,2025-06-14T03:05:03
170,null,50658.71,Salary,Monthly Salary,2025-06-14T03:51:42
171,144.12,null,Food,Milk,2025-06-14T15:38:04
172,1896.21,null,Groceries,DMart,2025-06-14T17:06:54
173,4550.04,null,Cash Withdrawal,ATM Withdrawal,2025-06-14T21:57:20
174,5987.91,null,Cash Withdrawal,ATM Withdrawal,2025-06-15T16:24:32
175,1520.74,null,Travel,IRCTC,2025-06-15T16:31:10
176,6725.14,null,Transfer,UPI Transfer,2025-06-15T21:20:20
177,2816.90,null,Groceries,DMart,2025-06-17T04:42:48
178,1347.73,null,Internet,JioFiber,2025-06-17T05:45:19
179,null,11464.72,Cash Deposit,Cash Deposit,2025-06-18T15:22:47
180,53.57,null,Food,Milk,2025-06-18T20:08:07
181,330.06,null,Food,Cafe Coffee Day,2025-06-18T21:55:11
182,2082.02,null,Fuel,IndianOil,2025-06-19T11:40:09
183,3507.21,null,Groceries,DMart,2025-06-19T17:13:14
184,1053.45,null,Transport,Uber,2025-06-19T21:45:46
185,139.38,null,Food,Cafe Coffee Day,2025-06-19T23:32:40
186,2234.71,null,Insurance,Health Insurance,2025-06-20T18:47:58
187,null,18470.58,Bonus,Performance Bonus,2025-06-21T05:18:20
188,18.13,null,Fees,ATM Withdrawal Fee,2025-06-21T07:05:31
189,3474.90,null,Utilities,Electricity Bill,2025-06-21T13:56:57
190,4236.98,null,Travel,IRCTC,2025-06-21T19:31:27
191,1076.40,null,Utilities,Water Bill,2025-06-21T22:03:27
192,12469.71,null,Rent,House Rent,2025-06-21T23:52:00
193,6454.65,null,Insurance,Health Insurance,2025-06-22T00:56:48
194,5820.15,null,Transfer,UPI Transfer,2025-06-22T06:12:03
195,null,13374.23,Transfer,Bank Transfer In,2025-06-23T02:13:34
196,null,31627.43,Bonus,Performance Bonus,2025-06-23T03:28:47
197,1294.79,null,Cash Withdrawal,ATM Withdrawal,2025-06-24T05:51:30
198,3533.48,null,Shopping,Amazon,2025-06-24T08:47:23
199,786.52,null,Utilities,Water Bill,2025-06-24T11:58:38
200,6758.21,null,Shopping,Flipkart,2025-06-24T14:34:39
201,5771.11,null,Shopping,Amazon,2025-06-25T15:31:37
202,208.08,null,Healthcare,Apollo Pharmacy,2025-06-25T21:09:19
203,1790.27,null,Utilities,Electricity Bill,2025-06-25T22:10:00
204,null,287.57,Refund,Merchant Refund,2025-06-25T22:11:27
205,696.58,null,Dining,McDonald's,2025-06-26T05:18:23
206,1958.34,null,Shopping,Flipkart,2025-06-26T16:06:58
207,5719.79,null,Travel,IRCTC,2025-06-26T21:43:06
208,1142.57,null,Entertainment,BookMyShow,2025-06-27T08:51:00
209,841.26,null,Transport,Uber,2025-06-27T16:43:23
210,null,42245.61,Bonus,Performance Bonus,2025-06-27T17:18:45
211,5903.28,null,Transfer,UPI Transfer,2025-06-28T02:26:46
212,410.27,null,Entertainment,BookMyShow,2025-06-28T03:56:31
213,36.78,null,Fees,ATM Withdrawal Fee,2025-06-28T04:47:14
214,446.53,null,Dining,McDonald's,2025-06-28T05:55:50
215,909.15,null,Internet,JioFiber,2025-06-28T08:36:13
216,3182.12,null,Shopping,Amazon,2025-06-28T15:25:03
217,null,256.81,Interest,Savings Interest,2025-06-28T15:47:39
218,219.22,null,Food,Cafe Coffee Day,2025-06-28T17:40:32
219,58.94,null,Food,Milk,2025-06-29T03:23:38
220,null,1393.52,Refund,Merchant Refund,2025-06-29T08:00:13
221,452.25,null,Food,Cafe Coffee Day,2025-06-30T01:16:53
222,829.64,null,Transport,Uber,2025-06-30T11:28:40
223,138.71,null,Food,Cafe Coffee Day,2025-06-30T17:56:26
224,1490.75,null,Internet,JioFiber,2025-07-01T01:24:01
225,4174.62,null,Insurance,Health Insurance,2025-07-01T07:37:30
226,1030.30,null,Utilities,Water Bill,2025-07-01T18:23:15
227,553.60,null,Entertainment,BookMyShow,2025-07-02T03:49:57
228,5411.07,null,Shopping,Flipkart,2025-07-02T05:34:08
229,3763.03,null,Groceries,DMart,2025-07-02T08:12:19
230,null,22472.79,Bonus,Performance Bonus,2025-07-02T08:14:18
231,4453.40,null,Shopping,Amazon,2025-07-02T08:22:10
232,366.69,null,Healthcare,Apollo Pharmacy,2025-07-02T19:47:48
233,3746.31,null,Cash Withdrawal,ATM Withdrawal,2025-07-03T22:01:49
234,6432.55,null,Insurance,Health Insurance,2025-07-03T22:16:42
235,3883.17,null,Utilities,Electricity Bill,2025-07-04T02:42:56
236,722.65,null,Entertainment,BookMyShow,2025-07-04T18:58:27
237,17463.14,null,Rent,House Rent,2025-07-05T09:10:21
238,436.33,null,Entertainment,Netflix,2025-07-05T22:48:37
239,159.83,null,Food,Cafe Coffee Day,2025-07-05T23:53:20
240,null,2498.09,Cash Deposit,Cash Deposit,2025-07-06T09:29:30
241,2914.34,null,Utilities,Electricity Bill,2025-07-06T15:51:11
242,7072.62,null,Shopping,Flipkart,2025-07-06T16:03:43
243,4050.89,null,Utilities,Electricity Bill,2025-07-06T16:25:07
244,429.87,null,Transport,Uber,2025-07-06T20:47:27
245,1276.66,null,Cash Withdrawal,ATM Withdrawal,2025-07-07T08:53:34
246,2942.16,null,Fuel,IndianOil,2025-07-08T10:13:54
247,836.46,null,Transport,Uber,2025-07-09T00:40:46
248,141.24,null,Food,Milk,2025-07-09T02:40:38
249,null,2969.61,Refund,Merchant Refund,2025-07-09T04:40:18
250,null,95963.73,Salary,Monthly Salary,2025-07-09T18:00:40
251,8876.08,null,Insurance,Health Insurance,2025-07-10T13:23:35
252,null,716.83,Interest,Savings Interest,2025-07-10T14:11:26
253,4737.54,null,Shopping,Amazon,2025-07-10T22:21:10
254,5513.62,null,Travel,IRCTC,2025-07-11T05:47:52
255,262.59,null,Food,Cafe Coffee Day,2025-07-11T19:42:46
256,1319.40,null,Shopping,Amazon,2025-07-11T20:56:43
257,2966.70,null,Healthcare,Apollo Pharmacy,2025-07-14T11:45:38
258,857.78,null,Utilities,Water Bill,2025-07-14T17:13:37
259,205.67,null,Food,Cafe Coffee Day,2025-07-14T19:22:44
260,2287.71,null,Groceries,DMart,2025-07-15T02:34:45
261,7015.18,null,Insurance,Health Insurance,2025-07-15T07:45:44
262,2993.10,null,Insurance,Health Insurance,2025-07-15T20:31:59
263,9292.18,null,Transfer,UPI Transfer,2025-07-15T21:36:37
264,1124.32,null,Internet,JioFiber,2025-07-16T00:02:13
265,null,53756.24,Bonus,Performance Bonus,2025-07-16T01:44:34
266,39.52,null,Fees,ATM Withdrawal Fee,2025-07-16T02:57:43
267,788.97,null,Utilities,Water Bill,2025-07-16T03:07:47
268,1998.40,null,Travel,IRCTC,2025-07-16T06:55:27
269,6236.89,null,Shopping,Amazon,2025-07-16T11:36:52
270,76.35,null,Food,Milk,2025-07-16T13:43:10
271,1271.65,null,Shopping,Flipkart,2025-07-16T17:39:49
272,13557.31,null,Rent,House Rent,2025-07-16T18:38:42
273,21.24,null,Fees,ATM Withdrawal Fee,2025-07-17T07:51:36
274,null,1305.21,Refund,Merchant Refund,2025-07-17T13:16:50
275,1181.23,null,Transport,Uber,2025-07-17T22:48:02
276,362.91,null,Utilities,Water Bill,2025-07-17T22:55:01
277,905.48,null,Entertainment,BookMyShow,2025-07-17T23:09:35
278,131.19,null,Food,Milk,2025-07-18T04:43:40
279,221.80,null,Entertainment,BookMyShow,2025-07-18T19:23:04
280,4257.22,null,Insurance,Health Insurance,2025-07-19T10:59:46
281,1674.02,null,Healthcare,Apollo Pharmacy,2025-07-19T16:15:40
282,36702.16,null,Rent,House Rent,2025-07-19T23:44:35
283,4891.96,null,Insurance,Health Insurance,2025-07-20T05:46:23
284,1197.32,null,Healthcare,Apollo Pharmacy,2025-07-20T05:52:33
285,499.00,null,Food,Cafe Coffee Day,2025-07-20T06:09:40
286,null,1567.24,Refund,Merchant Refund,2025-07-20T18:25:48
287,10909.50,null,Transfer,UPI Transfer,2025-07-20T18:58:50
288,141.63,null,Food,Milk,2025-07-21T14:39:39
289,1889.09,null,Cash Withdrawal,ATM Withdrawal,2025-07-22T08:07:11
290,2618.14,null,Utilities,Electricity Bill,2025-07-22T13:45:34
291,1094.22,null,Fuel,IndianOil,2025-07-22T23:50:13
292,2522.60,null,Cash Withdrawal,ATM Withdrawal,2025-07-23T19:22:21
293,8177.87,null,Shopping,Amazon,2025-07-24T01:19:36
294,2400.15,null,Utilities,Electricity Bill,2025-07-24T07:27:40
295,367.75,null,Food,Cafe Coffee Day,2025-07-26T10:41:16
296,1173.98,null,Utilities,Water Bill,2025-07-26T19:25:03
297,420.39,null,Food,Cafe Coffee Day,2025-07-27T04:06:48
298,1040.74,null,Groceries,DMart,2025-07-27T14:03:11
299,944.92,null,Utilities,Water Bill,2025-07-27T17:28:16
300,1909.50,null,Utilities,Electricity Bill,2025-07-28T10:43:54
301,2537.55,null,Cash Withdrawal,ATM Withdrawal,2025-07-28T11:54:41
302,2635.28,null,Insurance,Health Insurance,2025-07-28T17:23:08
303,7217.68,null,Transfer,UPI Transfer,2025-07-29T02:29:29
304,2264.80,null,Fuel,IndianOil,2025-07-29T11:56:59
305,131.56,null,Food,Milk,2025-07-29T15:00:04
306,679.26,null,Utilities,Water Bill,2025-07-29T16:16:04
307,1234.53,null,Transport,Uber,2025-07-29T17:39:18
308,438.91,null,Groceries,DMart,2025-07-29T20:43:47
309,865.37,null,Entertainment,Netflix,2025-07-29T23:02:21
310,484.18,null,Healthcare,Apollo Pharmacy,2025-07-30T08:14:20
311,894.76,null,Entertainment,BookMyShow,2025-07-30T11:54:57
312,1022.61,null,Dining,McDonald's,2025-07-30T20:12:01
313,1408.30,null,Groceries,DMart,2025-07-31T01:17:43
314,3183.40,null,Healthcare,Apollo Pharmacy,2025-07-31T12:19:04
315,112.62,null,Food,Milk,2025-07-31T15:23:03
316,854.32,null,Fuel,IndianOil,2025-07-31T15:29:04
317,64.59,null,Food,Milk,2025-08-01T00:21:24
318,906.25,null,Utilities,Water Bill,2025-08-01T05:14:43
319,5753.37,null,Shopping,Amazon,2025-08-01T07:36:34
320,328.69,null,Entertainment,Netflix,2025-08-01T21:28:12
321,null,19644.47,Cash Deposit,Cash Deposit,2025-08-02T05:16:58
322,7898.61,null,Cash Withdrawal,ATM Withdrawal,2025-08-02T07:58:27
323,32.45,null,Fees,ATM Withdrawal Fee,2025-08-02T19:33:02
324,11390.50,null,Transfer,UPI Transfer,2025-08-03T02:45:25
325,27408.25,null,Rent,House Rent,2025-08-03T03:16:12
326,5890.41,null,Cash Withdrawal,ATM Withdrawal,2025-08-03T07:14:20
327,3920.57,null,Transfer,UPI Transfer,2025-08-03T15:53:55
328,772.39,null,Entertainment,Netflix,2025-08-03T23:34:55
329,2386.58,null,Cash Withdrawal,ATM Withdrawal,2025-08-03T23:53:58
330,4895.30,null,Cash Withdrawal,ATM Withdrawal,2025-08-04T23:06:22
331,162.18,null,Entertainment,Netflix,2025-08-05T19:01:51
332,null,14814.07,Bonus,Performance Bonus,2025-08-06T03:49:21
333,733.38,null,Cash Withdrawal,ATM Withdrawal,2025-08-06T06:49:55
334,889.24,null,Dining,McDonald's,2025-08-06T06:51:19
335,2631.87,null,Fuel,IndianOil,2025-08-06T07:06:11
336,194.27,null,Dining,McDonald's,2025-08-06T13:57:47
337,5345.79,null,Cash Withdrawal,ATM Withdrawal,2025-08-06T14:59:42
338,340.77,null,Entertainment,BookMyShow,2025-08-08T04:43:09
339,4880.53,null,Shopping,Amazon,2025-08-08T16:07:04
340,17195.43,null,Rent,House Rent,2025-08-08T17:37:31
341,7969.23,null,Shopping,Amazon,2025-08-09T03:16:08
342,29993.10,null,Rent,House Rent,2025-08-09T04:23:47
343,6706.43,null,Insurance,Health Insurance,2025-08-10T20:40:04
344,1844.92,null,Groceries,DMart,2025-08-11T14:19:25
345,1221.07,null,Entertainment,BookMyShow,2025-08-11T18:25:11
346,19070.21,null,Rent,House Rent,2025-08-11T22:36:58
347,1393.50,null,Healthcare,Apollo Pharmacy,2025-08-12T05:31:52
348,1994.91,null,Shopping,Flipkart,2025-08-12T23:28:08
349,null,4744.18,Refund,Merchant Refund,2025-08-13T00:48:21
350,36288.89,null,Rent,House Rent,2025-08-13T05:12:10
351,null,503.89,Interest,Savings Interest,2025-08-13T23:39:29
352,null,2371.20,Refund,Merchant Refund,2025-08-14T01:28:28
353,1099.63,null,Transfer,UPI Transfer,2025-08-14T02:20:30
354,451.55,null,Healthcare,Apollo Pharmacy,2025-08-14T05:23:48
355,28.12,null,Fees,ATM Withdrawal Fee,2025-08-14T15:14:49
356,3575.45,null,Utilities,Electricity Bill,2025-08-14T15:36:08
357,8290.50,null,Insurance,Health Insurance,2025-08-15T08:41:26
358,null,4165.21,Refund,Merchant Refund,2025-08-16T06:44:01
359,3942.57,null,Fuel,IndianOil,2025-08-16T10:50:57
360,267.94,null,Food,Cafe Coffee Day,2025-08-16T12:24:21
361,980.79,null,Shopping,Amazon,2025-08-17T01:03:05
362,6442.39,null,Cash Withdrawal,ATM Withdrawal,2025-08-17T09:27:46
363,1080.87,null,Utilities,Water Bill,2025-08-17T16:55:23
364,8910.46,null,Insurance,Health Insurance,2025-08-19T01:52:25
365,12123.44,null,Rent,House Rent,2025-08-19T15:27:49
366,982.67,null,Healthcare,Apollo Pharmacy,2025-08-19T21:53:18
367,2793.47,null,Utilities,Electricity Bill,2025-08-20T22:07:21
368,10791.25,null,Transfer,UPI Transfer,2025-08-21T02:27:49
369,457.77,null,Food,Cafe Coffee Day,2025-08-21T02:44:05
370,1333.13,null,Internet,JioFiber,2025-08-21T02:53:26
371,29524.64,null,Rent,House Rent,2025-08-21T15:02:01
372,443.02,null,Entertainment,BookMyShow,2025-08-22T16:37:57
373,23.27,null,Fees,ATM Withdrawal Fee,2025-08-22T21:31:56
374,3767.73,null,Groceries,DMart,2025-08-23T01:58:23
375,6373.26,null,Shopping,Amazon,2025-08-23T06:23:26
376,null,1662.41,Refund,Merchant Refund,2025-08-24T02:08:38
377,1244.35,null,Entertainment,BookMyShow,2025-08-24T09:28:31
378,9640.62,null,Transfer,UPI Transfer,2025-08-24T10:16:05
379,1026.46,null,Utilities,Water Bill,2025-08-24T17:15:57
380,4381.77,null,Transfer,UPI Transfer,2025-08-25T14:00:42
381,null,10364.11,Transfer,Bank Transfer In,2025-08-25T14:17:33
382,24692.20,null,Rent,House Rent,2025-08-25T23:20:44
383,136.17,null,Food,Milk,2025-08-26T14:06:17
384,1106.54,null,Internet,JioFiber,2025-08-26T22:29:44
385,null,61802.83,Bonus,Performance Bonus,2025-08-27T13:23:28
386,6222.87,null,Insurance,Health Insurance,2025-08-28T02:23:14
387,511.06,null,Entertainment,BookMyShow,2025-08-28T03:22:04
388,157.67,null,Food,Milk,2025-08-28T16:09:50
389,4866.13,null,Transfer,UPI Transfer,2025-08-28T17:43:12
390,null,141035.08,Salary,Monthly Salary,2025-08-28T18:34:28
391,1837.41,null,Travel,IRCTC,2025-08-28T20:38:10
392,24.73,null,Fees,ATM Withdrawal Fee,2025-08-29T08:32:18
393,452.67,null,Healthcare,Apollo Pharmacy,2025-08-29T10:50:39
394,6355.29,null,Cash Withdrawal,ATM Withdrawal,2025-08-29T14:05:51
395,1329.35,null,Cash Withdrawal,ATM Withdrawal,2025-08-30T04:20:59
396,2869.16,null,Utilities,Electricity Bill,2025-08-30T11:55:22
397,1198.44,null,Utilities,Water Bill,2025-08-30T13:40:32
398,1116.01,null,Utilities,Water Bill,2025-09-02T10:19:43
399,6292.35,null,Shopping,Amazon,2025-09-02T12:50:59
400,863.13,null,Entertainment,BookMyShow,2025-09-02T15:07:14
401,1112.79,null,Healthcare,Apollo Pharmacy,2025-09-03T01:12:15
402,23.15,null,Fees,ATM Withdrawal Fee,2025-09-03T06:17:35
403,65.07,null,Food,Milk,2025-09-03T09:21:32
404,40.82,null,Fees,ATM Withdrawal Fee,2025-09-03T10:00:23
405,4712.75,null,Shopping,Flipkart,2025-09-03T21:05:22
406,689.67,null,Dining,McDonald's,2025-09-04T10:26:54
407,703.28,null,Dining,McDonald's,2025-09-04T17:40:17
408,423.57,null,Shopping,Amazon,2025-09-04T19:30:58
409,null,644.27,Interest,Savings Interest,2025-09-04T22:30:20
410,35971.55,null,Rent,House Rent,2025-09-05T18:16:05
411,9576.30,null,Transfer,UPI Transfer,2025-09-06T18:24:53
412,null,655.13,Interest,Savings Interest,2025-09-09T13:37:00
413,6524.47,null,Shopping,Flipkart,2025-09-09T23:46:23
414,null,3284.90,Refund,Merchant Refund,2025-09-10T03:33:45
415,null,49503.94,Bonus,Performance Bonus,2025-09-10T04:04:04
416,2935.24,null,Groceries,DMart,2025-09-10T19:16:42
417,1065.15,null,Internet,JioFiber,2025-09-10T20:23:59
418,105.68,null,Food,Milk,2025-09-11T00:54:52
419,517.81,null,Entertainment,BookMyShow,2025-09-11T02:03:33
420,1081.36,null,Entertainment,BookMyShow,2025-09-11T08:46:30
421,null,46867.72,Salary,Monthly Salary,2025-09-11T23:43:37
422,13052.34,null,Rent,House Rent,2025-09-12T07:04:08
423,null,2970.09,Refund,Merchant Refund,2025-09-12T09:01:18
424,null,15265.30,Cash Deposit,Cash Deposit,2025-09-12T10:47:08
425,713.82,null,Groceries,DMart,2025-09-13T03:16:08
426,3410.05,null,Travel,IRCTC,2025-09-13T08:43:52
427,1538.29,null,Internet,JioFiber,2025-09-13T15:04:10
428,6472.27,null,Travel,IRCTC,2025-09-13T18:03:03
429,1561.46,null,Shopping,Flipkart,2025-09-14T04:13:02
430,null,79325.48,Salary,Monthly Salary,2025-09-14T17:00:42
431,5090.88,null,Travel,IRCTC,2025-09-15T03:21:51
432,6160.20,null,Insurance,Health Insurance,2025-09-15T12:43:06
433,748.25,null,Entertainment,BookMyShow,2025-09-15T16:15:45
434,369.27,null,Food,Cafe Coffee Day,2025-09-15T16:46:56
435,510.73,null,Shopping,Amazon,2025-09-16T14:53:38
436,8736.72,null,Insurance,Health Insurance,2025-09-16T18:26:46
437,829.75,null,Entertainment,BookMyShow,2025-09-16T19:51:33
438,929.89,null,Utilities,Water Bill,2025-09-17T01:10:16
439,41.58,null,Food,Milk,2025-09-17T01:47:48
440,5168.20,null,Shopping,Flipkart,2025-09-17T06:16:45
441,104.17,null,Food,Milk,2025-09-17T18:30:25
442,4345.96,null,Shopping,Flipkart,2025-09-18T15:37:58
443,1384.18,null,Entertainment,BookMyShow,2025-09-20T02:14:22
444,860.45,null,Dining,McDonald's,2025-09-20T13:17:52
445,5429.49,null,Cash Withdrawal,ATM Withdrawal,2025-09-21T05:00:52
446,1599.19,null,Fuel,IndianOil,2025-09-21T06:15:55
447,509.98,null,Entertainment,BookMyShow,2025-09-21T20:08:29
448,1156.49,null,Groceries,DMart,2025-09-22T17:02:46
449,null,14930.96,Cash Deposit,Cash Deposit,2025-09-23T05:22:43
450,892.25,null,Utilities,Water Bill,2025-09-23T12:44:11
451,85.41,null,Food,Milk,2025-09-23T22:26:06
452,999.97,null,Fuel,IndianOil,2025-09-24T19:14:26
453,30635.63,null,Rent,House Rent,2025-09-24T19:39:06
454,null,15496.27,Transfer,Bank Transfer In,2025-09-25T01:26:23
455,29363.32,null,Rent,House Rent,2025-09-25T10:07:24
456,1769.31,null,Internet,JioFiber,2025-09-25T22:39:27
457,null,51618.73,Salary,Monthly Salary,2025-09-26T03:58:45
458,2610.92,null,Shopping,Flipkart,2025-09-26T12:05:56
459,1314.47,null,Internet,JioFiber,2025-09-26T20:56:32
460,6333.87,null,Transfer,UPI Transfer,2025-09-27T03:20:25
461,5783.84,null,Insurance,Health Insurance,2025-09-27T08:00:45
462,229.04,null,Food,Cafe Coffee Day,2025-09-27T09:23:21
463,94.31,null,Food,Milk,2025-09-27T15:15:50
464,null,3989.71,Refund,Merchant Refund,2025-09-27T23:03:09
465,24461.84,null,Rent,House Rent,2025-09-28T11:44:17
466,153.47,null,Food,Cafe Coffee Day,2025-09-29T00:31:09
467,505.20,null,Food,Cafe Coffee Day,2025-09-29T08:05:50
468,1743.39,null,Fuel,IndianOil,2025-09-29T19:36:02
469,null,5333.21,Refund,Merchant Refund,2025-09-29T22:54:15
470,null,1083.57,Refund,Merchant Refund,2025-09-30T02:47:01
471,5009.17,null,Travel,IRCTC,2025-09-30T13:44:22
472,1081.48,null,Utilities,Water Bill,2025-09-30T16:06:43
473,331.31,null,Transport,Uber,2025-10-01T02:51:54
474,2171.11,null,Healthcare,Apollo Pharmacy,2025-10-01T07:55:22
475,null,15844.22,Transfer,Bank Transfer In,2025-10-01T19:10:27
476,null,500.12,Interest,Savings Interest,2025-10-02T00:02:50
477,13.03,null,Fees,ATM Withdrawal Fee,2025-10-02T19:38:15
478,3986.36,null,Travel,IRCTC,2025-10-03T02:18:03
479,null,38705.63,Bonus,Performance Bonus,2025-10-03T06:46:11
480,8846.98,null,Cash Withdrawal,ATM Withdrawal,2025-10-03T08:02:12
481,436.24,null,Food,Cafe Coffee Day,2025-10-03T10:54:39
482,2991.43,null,Fuel,IndianOil,2025-10-03T23:57:42
483,25923.03,null,Rent,House Rent,2025-10-04T00:24:10
484,null,3877.01,Refund,Merchant Refund,2025-10-04T01:49:39
485,7148.88,null,Cash Withdrawal,ATM Withdrawal,2025-10-04T02:47:35
486,3076.88,null,Travel,IRCTC,2025-10-04T06:23:44
487,6103.92,null,Shopping,Amazon,2025-10-04T17:01:09
488,304.43,null,Dining,McDonald's,2025-10-05T01:31:22
489,4750.56,null,Cash Withdrawal,ATM Withdrawal,2025-10-05T08:00:47
490,163.50,null,Food,Cafe Coffee Day,2025-10-05T12:32:52
491,160.41,null,Entertainment,Netflix,2025-10-05T18:25:41
492,5301.94,null,Shopping,Flipkart,2025-10-05T22:54:01
493,8665.72,null,Cash Withdrawal,ATM Withdrawal,2025-10-05T23:31:48
494,null,1572.26,Refund,Merchant Refund,2025-10-06T02:17:34
495,null,764.46,Interest,Savings Interest,2025-10-06T18:00:53
496,398.57,null,Entertainment,Netflix,2025-10-06T22:09:13
497,2415.13,null,Healthcare,Apollo Pharmacy,2025-10-07T03:04:15
498,310.12,null,Shopping,Amazon,2025-10-07T09:11:46
499,17.32,null,Fees,ATM Withdrawal Fee,2025-10-07T21:48:25
500,325.26,null,Healthcare,Apollo Pharmacy,2025-10-09T01:29:30
501,24047.06,null,Rent,House Rent,2025-10-09T05:58:33
502,1334.23,null,Internet,JioFiber,2025-10-09T06:12:31
503,5088.28,null,Travel,IRCTC,2025-10-09T18:20:02
504,5532.69,null,Transfer,UPI Transfer,2025-10-09T22:01:44
505,1455.25,null,Healthcare,Apollo Pharmacy,2025-10-10T04:41:08
506,154.48,null,Food,Milk,2025-10-12T04:26:46
507,303.34,null,Food,Cafe Coffee Day,2025-10-12T05:01:20
508,8450.01,null,Transfer,UPI Transfer,2025-10-12T07:56:33
509,1800.43,null,Fuel,IndianOil,2025-10-12T17:21:18
510,396.26,null,Utilities,Water Bill,2025-10-12T22:32:18
511,42.40,null,Fees,ATM Withdrawal Fee,2025-10-12T22:38:53
512,3720.34,null,Utilities,Electricity Bill,2025-10-13T11:34:22
513,9437.98,null,Cash Withdrawal,ATM Withdrawal,2025-10-13T12:55:41
514,654.91,null,Entertainment,BookMyShow,2025-10-13T22:57:51
515,null,880.75,Interest,Savings Interest,2025-10-14T16:01:34
516,548.22,null,Travel,IRCTC,2025-10-15T03:51:14
517,243.74,null,Entertainment,BookMyShow,2025-10-15T07:56:42
518,2224.22,null,Fuel,IndianOil,2025-10-15T22:36:42
519,12566.10,null,Rent,House Rent,2025-10-16T01:15:15
520,3694.12,null,Fuel,IndianOil,2025-10-16T13:56:57
521,84.09,null,Food,Milk,2025-10-18T11:16:33
522,31214.92,null,Rent,House Rent,2025-10-18T17:24:27
523,865.89,null,Transport,Uber,2025-10-19T00:20:35
524,150.45,null,Healthcare,Apollo Pharmacy,2025-10-19T10:23:49
525,5226.90,null,Insurance,Health Insurance,2025-10-19T10:52:03
526,25823.46,null,Rent,House Rent,2025-10-19T13:10:51
527,488.48,null,Utilities,Water Bill,2025-10-19T14:11:56
528,18.08,null,Fees,ATM Withdrawal Fee,2025-10-20T01:07:34
529,482.27,null,Entertainment,Netflix,2025-10-20T02:23:40
530,7576.86,null,Shopping,Amazon,2025-10-20T04:26:26
531,378.76,null,Food,Cafe Coffee Day,2025-10-20T10:06:16
532,389.58,null,Food,Cafe Coffee Day,2025-10-20T16:54:41
533,591.39,null,Entertainment,Netflix,2025-10-20T20:13:21
534,956.78,null,Healthcare,Apollo Pharmacy,2025-10-21T03:19:58
535,16349.44,null,Rent,House Rent,2025-10-21T11:33:24
536,262.75,null,Shopping,Amazon,2025-10-21T12:38:44
537,2025.07,null,Fuel,IndianOil,2025-10-21T13:18:35
538,8536.04,null,Insurance,Health Insurance,2025-10-22T00:18:38
539,null,4144.29,Refund,Merchant Refund,2025-10-22T05:23:43
540,370.65,null,Utilities,Water Bill,2025-10-22T08:49:32
541,2524.48,null,Fuel,IndianOil,2025-10-22T10:06:34
542,571.78,null,Transport,Uber,2025-10-22T15:11:46
543,1190.10,null,Internet,JioFiber,2025-10-22T19:27:18
544,1057.96,null,Entertainment,BookMyShow,2025-10-22T21:03:43
545,null,13684.79,Bonus,Performance Bonus,2025-10-23T00:02:37
546,null,17493.77,Transfer,Bank Transfer In,2025-10-23T04:18:14
547,2613.70,null,Travel,IRCTC,2025-10-23T09:26:51
548,1210.36,null,Entertainment,BookMyShow,2025-10-24T03:24:46
549,8705.77,null,Cash Withdrawal,ATM Withdrawal,2025-10-24T06:46:58
550,null,16159.66,Cash Deposit,Cash Deposit,2025-10-24T17:59:00
551,null,179714.61,Salary,Monthly Salary,2025-10-25T04:16:54
552,null,145.54,Interest,Savings Interest,2025-10-25T05:19:55
553,677.96,null,Entertainment,Netflix,2025-10-25T20:01:50
554,null,153267.47,Salary,Monthly Salary,2025-10-26T09:32:25
555,3870.39,null,Groceries,DMart,2025-10-26T11:39:52
556,2713.77,null,Healthcare,Apollo Pharmacy,2025-10-27T06:00:58
557,11065.96,null,Transfer,UPI Transfer,2025-10-27T20:16:33
558,null,86.74,Interest,Savings Interest,2025-10-27T21:16:08
559,5410.44,null,Shopping,Amazon,2025-10-28T06:05:32
560,672.52,null,Transfer,UPI Transfer,2025-10-28T08:08:00
561,null,154730.62,Salary,Monthly Salary,2025-10-29T00:43:50
562,256.06,null,Entertainment,BookMyShow,2025-10-29T08:13:32
563,1367.95,null,Groceries,DMart,2025-10-29T08:44:43
564,458.81,null,Entertainment,BookMyShow,2025-10-29T11:42:32
565,20727.02,null,Rent,House Rent,2025-10-29T17:08:28
566,30.32,null,Fees,ATM Withdrawal Fee,2025-10-30T00:18:41
567,504.27,null,Healthcare,Apollo Pharmacy,2025-10-30T00:21:44
568,3462.71,null,Fuel,IndianOil,2025-10-31T04:08:45
569,3812.12,null,Shopping,Flipkart,2025-11-01T10:26:50
570,2525.10,null,Shopping,Flipkart,2025-11-01T12:08:12
571,1326.46,null,Healthcare,Apollo Pharmacy,2025-11-01T18:43:22
572,99.98,null,Food,Milk,2025-11-02T02:13:24
573,null,15382.88,Transfer,Bank Transfer In,2025-11-02T05:13:39
574,261.36,null,Healthcare,Apollo Pharmacy,2025-11-02T09:56:25
575,863.93,null,Dining,McDonald's,2025-11-02T17:49:12
576,320.21,null,Healthcare,Apollo Pharmacy,2025-11-03T01:25:13
577,2070.03,null,Transfer,UPI Transfer,2025-11-03T04:54:05
578,5425.37,null,Cash Withdrawal,ATM Withdrawal,2025-11-03T14:01:44
579,3387.66,null,Shopping,Flipkart,2025-11-03T14:38:48
580,1716.44,null,Fuel,IndianOil,2025-11-03T16:57:39
581,8617.93,null,Insurance,Health Insurance,2025-11-03T23:17:54
582,488.48,null,Transport,Uber,2025-11-04T00:41:50
583,2181.09,null,Utilities,Electricity Bill,2025-11-05T00:32:57
584,2718.13,null,Insurance,Health Insurance,2025-11-05T20:34:17
585,529.45,null,Food,Cafe Coffee Day,2025-11-06T23:25:46
586,778.15,null,Entertainment,BookMyShow,2025-11-07T16:38:46
587,8474.75,null,Transfer,UPI Transfer,2025-11-08T09:11:55
588,255.90,null,Entertainment,BookMyShow,2025-11-09T03:28:35
589,544.67,null,Dining,McDonald's,2025-11-09T08:48:05
590,633.13,null,Entertainment,Netflix,2025-11-09T13:37:19
591,1010.30,null,Shopping,Flipkart,2025-11-09T21:18:23
592,262.38,null,Food,Cafe Coffee Day,2025-11-09T22:01:46
593,944.68,null,Transport,Uber,2025-11-10T03:16:53
594,1676.19,null,Shopping,Flipkart,2025-11-10T22:15:28
595,632.48,null,Utilities,Water Bill,2025-11-11T03:43:59
596,963.59,null,Utilities,Water Bill,2025-11-11T04:11:05
597,21.52,null,Fees,ATM Withdrawal Fee,2025-11-11T08:22:25
598,3903.82,null,Groceries,DMart,2025-11-12T01:56:25
599,18105.29,null,Rent,House Rent,2025-11-12T12:05:38
600,3308.37,null,Travel,IRCTC,2025-11-12T14:56:52
601,28.39,null,Fees,ATM Withdrawal Fee,2025-11-13T01:10:22
602,796.74,null,Entertainment,Netflix,2025-11-13T07:26:53
603,797.39,null,Internet,JioFiber,2025-11-14T10:29:51
604,2113.31,null,Travel,IRCTC,2025-11-14T21:34:11
605,657.93,null,Transfer,UPI Transfer,2025-11-14T23:39:14
606,174.61,null,Food,Milk,2025-11-15T02:20:48
607,675.71,null,Entertainment,BookMyShow,2025-11-15T20:17:00
608,37.05,null,Fees,ATM Withdrawal Fee,2025-11-16T06:10:16
609,757.23,null,Entertainment,Netflix,2025-11-16T10:07:03
610,413.76,null,Dining,McDonald's,2025-11-17T04:35:19
611,516.62,null,Entertainment,Netflix,2025-11-18T09:30:00
612,1796.27,null,Utilities,Electricity Bill,2025-11-18T21:53:26
613,null,22918.57,Transfer,Bank Transfer In,2025-11-19T00:38:16
614,null,723.56,Interest,Savings Interest,2025-11-19T02:37:08
615,null,14735.07,Transfer,Bank Transfer In,2025-11-19T15:20:42
616,364.24,null,Food,Cafe Coffee Day,2025-11-19T17:14:51
617,2633.88,null,Insurance,Health Insurance,2025-11-19T18:06:45
618,null,3087.84,Refund,Merchant Refund,2025-11-21T00:31:04
619,2623.94,null,Groceries,DMart,2025-11-21T02:46:11
620,1271.09,null,Entertainment,BookMyShow,2025-11-21T16:21:19
621,5979.54,null,Shopping,Flipkart,2025-11-21T23:45:07
622,4166.68,null,Travel,IRCTC,2025-11-22T00:42:22
623,null,67526.26,Bonus,Performance Bonus,2025-11-22T18:28:04
624,23.23,null,Fees,ATM Withdrawal Fee,2025-11-23T18:30:57
625,1130.27,null,Entertainment,BookMyShow,2025-11-24T08:41:14
626,4801.31,null,Insurance,Health Insurance,2025-11-24T18:44:04
627,null,59285.33,Salary,Monthly Salary,2025-11-26T07:07:45
628,158.58,null,Food,Milk,2025-11-27T02:54:02
629,484.82,null,Transport,Uber,2025-11-27T17:52:53
630,null,16038.18,Cash Deposit,Cash Deposit,2025-11-27T18:51:14
631,5886.46,null,Transfer,UPI Transfer,2025-11-29T12:13:02
632,169.27,null,Food,Cafe Coffee Day,2025-11-29T20:25:31
633,4175.24,null,Groceries,DMart,2025-11-29T23:30:31
634,748.85,null,Transport,Uber,2025-11-30T03:59:41
635,375.64,null,Utilities,Water Bill,2025-11-30T11:11:57
636,1121.72,null,Internet,JioFiber,2025-11-30T16:42:03
637,7177.36,null,Insurance,Health Insurance,2025-12-01T19:18:12
638,null,379.94,Interest,Savings Interest,2025-12-02T02:43:03
639,1135.70,null,Internet,JioFiber,2025-12-02T19:14:15
640,1007.94,null,Internet,JioFiber,2025-12-02T22:08:45
641,2733.06,null,Fuel,IndianOil,2025-12-03T03:42:16
642,162.03,null,Entertainment,Netflix,2025-12-03T07:06:01
643,123.92,null,Food,Cafe Coffee Day,2025-12-03T09:06:50
644,null,5804.94,Cash Deposit,Cash Deposit,2025-12-03T12:16:05
645,870.90,null,Utilities,Water Bill,2025-12-03T12:29:07
646,5391.89,null,Shopping,Amazon,2025-12-03T14:04:36
647,1041.08,null,Dining,McDonald's,2025-12-03T16:37:05
648,662.46,null,Cash Withdrawal,ATM Withdrawal,2025-12-04T09:59:33
649,1145.09,null,Utilities,Electricity Bill,2025-12-04T10:58:52
650,2292.23,null,Shopping,Flipkart,2025-12-05T02:41:39
651,9211.09,null,Transfer,UPI Transfer,2025-12-05T09:12:21
652,1095.80,null,Shopping,Flipkart,2025-12-06T06:16:08
653,215.47,null,Entertainment,Netflix,2025-12-06T13:47:51
654,6278.90,null,Cash Withdrawal,ATM Withdrawal,2025-12-07T11:54:15
655,null,172027.23,Salary,Monthly Salary,2025-12-08T07:31:31
656,491.85,null,Food,Cafe Coffee Day,2025-12-08T19:38:55
657,1316.47,null,Shopping,Flipkart,2025-12-08T21:46:08
658,28045.75,null,Rent,House Rent,2025-12-09T12:37:17
659,1329.45,null,Fuel,IndianOil,2025-12-09T12:52:59
660,3326.85,null,Transfer,UPI Transfer,2025-12-10T00:33:21
661,5865.78,null,Shopping,Flipkart,2025-12-10T22:32:03
662,1629.62,null,Fuel,IndianOil,2025-12-11T06:06:29
663,2849.58,null,Transfer,UPI Transfer,2025-12-11T17:13:20
664,262.09,null,Dining,McDonald's,2025-12-11T20:43:36
665,null,49211.22,Bonus,Performance Bonus,2025-12-12T13:11:30
666,27.23,null,Fees,ATM Withdrawal Fee,2025-12-12T20:10:58
667,2474.88,null,Healthcare,Apollo Pharmacy,2025-12-13T08:09:51
668,405.90,null,Entertainment,Netflix,2025-12-13T12:06:53
669,1937.78,null,Internet,JioFiber,2025-12-15T10:26:24
670,2106.65,null,Groceries,DMart,2025-12-16T06:10:28
671,null,43047.96,Salary,Monthly Salary,2025-12-16T14:53:18
672,308.56,null,Transfer,UPI Transfer,2025-12-17T16:43:42
673,null,156033.30,Salary,Monthly Salary,2025-12-18T02:24:23
674,1745.32,null,Internet,JioFiber,2025-12-18T07:15:34
675,3787.96,null,Fuel,IndianOil,2025-12-18T12:59:48
676,534.06,null,Healthcare,Apollo Pharmacy,2025-12-18T22:22:45
677,445.43,null,Food,Cafe Coffee Day,2025-12-19T13:23:03
678,633.07,null,Utilities,Water Bill,2025-12-19T15:33:56
679,419.64,null,Healthcare,Apollo Pharmacy,2025-12-19T19:09:44
680,2089.36,null,Healthcare,Apollo Pharmacy,2025-12-19T19:10:36
681,2472.83,null,Fuel,IndianOil,2025-12-19T19:14:27
682,1116.02,null,Dining,McDonald's,2025-12-20T01:24:44
683,478.13,null,Utilities,Water Bill,2025-12-20T09:17:07
684,5206.34,null,Insurance,Health Insurance,2025-12-21T04:35:15
685,258.13,null,Shopping,Flipkart,2025-12-21T06:37:19
686,null,4752.48,Cash Deposit,Cash Deposit,2025-12-21T10:21:41
687,1601.33,null,Groceries,DMart,2025-12-21T11:01:36
688,null,2101.99,Refund,Merchant Refund,2025-12-21T19:00:00
689,11336.58,null,Transfer,UPI Transfer,2025-12-21T20:35:22
690,341.44,null,Entertainment,BookMyShow,2025-12-22T03:05:35
691,1054.48,null,Transport,Uber,2025-12-22T03:09:10
692,3340.92,null,Travel,IRCTC,2025-12-22T13:56:47
693,2618.26,null,Utilities,Electricity Bill,2025-12-22T20:24:45
694,24225.11,null,Rent,House Rent,2025-12-22T23:38:05
695,816.90,null,Shopping,Flipkart,2025-12-23T12:16:41
696,88.68,null,Food,Milk,2025-12-24T19:33:14
697,null,162850.95,Salary,Monthly Salary,2025-12-25T16:40:13
698,3607.05,null,Shopping,Amazon,2025-12-25T22:03:23
699,67.22,null,Food,Milk,2025-12-26T04:34:32
700,null,10766.25,Cash Deposit,Cash Deposit,2025-12-26T13:40:20
701,6223.94,null,Travel,IRCTC,2025-12-27T02:05:35
702,1379.53,null,Internet,JioFiber,2025-12-27T15:23:54
703,857.39,null,Shopping,Flipkart,2025-12-28T00:49:36
704,null,862.45,Interest,Savings Interest,2025-12-28T01:20:05
705,26.89,null,Fees,ATM Withdrawal Fee,2025-12-28T07:25:10
706,500.38,null,Entertainment,BookMyShow,2025-12-29T01:06:41
707,1736.77,null,Groceries,DMart,2025-12-29T12:57:36
708,951.67,null,Entertainment,Netflix,2025-12-30T00:37:58
709,5779.25,null,Insurance,Health Insurance,2025-12-30T08:09:44
710,null,293.77,Interest,Savings Interest,2025-12-30T10:00:03
711,1925.95,null,Healthcare,Apollo Pharmacy,2025-12-31T06:17:21
712,432.10,null,Utilities,Water Bill,2025-12-31T12:59:24
713,21.46,null,Fees,ATM Withdrawal Fee,2025-12-31T18:44:11
714,356.37,null,Dining,McDonald's,2026-01-01T00:04:51
715,31713.46,null,Rent,House Rent,2026-01-01T05:57:33
716,null,146.90,Refund,Merchant Refund,2026-01-02T03:08:22
717,null,9038.81,Transfer,Bank Transfer In,2026-01-02T11:51:18
718,327.73,null,Transport,Uber,2026-01-02T12:29:28
719,3951.75,null,Shopping,Flipkart,2026-01-02T15:22:26
720,null,71781.73,Salary,Monthly Salary,2026-01-02T17:10:54
721,392.69,null,Entertainment,BookMyShow,2026-01-02T20:59:05
722,27971.26,null,Rent,House Rent,2026-01-03T01:41:04
723,1969.59,null,Shopping,Flipkart,2026-01-03T03:24:12
724,13968.09,null,Rent,House Rent,2026-01-03T11:52:10
725,310.18,null,Food,Cafe Coffee Day,2026-01-03T12:19:45
726,852.80,null,Entertainment,Netflix,2026-01-04T02:04:17
727,null,159217.52,Salary,Monthly Salary,2026-01-04T04:00:42
728,5461.97,null,Travel,IRCTC,2026-01-04T12:18:10
729,696.54,null,Utilities,Water Bill,2026-01-04T15:01:26
730,1627.27,null,Travel,IRCTC,2026-01-05T03:03:22
731,6881.03,null,Shopping,Flipkart,2026-01-05T06:44:38
732,83.53,null,Food,Milk,2026-01-05T09:26:58
733,1201.30,null,Entertainment,BookMyShow,2026-01-05T14:14:15
734,1841.15,null,Shopping,Flipkart,2026-01-05T15:55:33
735,1177.01,null,Dining,McDonald's,2026-01-05T21:34:58
736,800.60,null,Travel,IRCTC,2026-01-06T00:07:25
737,7424.30,null,Cash Withdrawal,ATM Withdrawal,2026-01-06T13:18:43
738,1329.67,null,Entertainment,BookMyShow,2026-01-06T13:45:24
739,3353.48,null,Travel,IRCTC,2026-01-06T19:17:38
740,263.32,null,Dining,McDonald's,2026-01-06T22:12:07
741,728.97,null,Transport,Uber,2026-01-07T20:20:35
742,2747.51,null,Groceries,DMart,2026-01-09T05:46:04
743,1647.26,null,Groceries,DMart,2026-01-09T13:15:20
744,351.99,null,Entertainment,Netflix,2026-01-10T03:49:13
745,1731.53,null,Healthcare,Apollo Pharmacy,2026-01-10T11:50:33
746,18834.68,null,Rent,House Rent,2026-01-11T01:22:56
747,1889.43,null,Internet,JioFiber,2026-01-11T01:52:16
748,819.62,null,Transfer,UPI Transfer,2026-01-11T07:11:07
749,617.10,null,Entertainment,BookMyShow,2026-01-12T09:09:20
750,328.56,null,Entertainment,BookMyShow,2026-01-12T13:27:41
751,164.18,null,Food,Cafe Coffee Day,2026-01-12T14:49:37
752,1439.87,null,Entertainment,BookMyShow,2026-01-13T04:45:09
753,980.56,null,Dining,McDonald's,2026-01-13T11:49:29
754,699.37,null,Transport,Uber,2026-01-14T18:10:32
755,null,72665.80,Bonus,Performance Bonus,2026-01-14T21:48:14
756,418.20,null,Entertainment,Netflix,2026-01-14T22:47:57
757,15980.52,null,Rent,House Rent,2026-01-15T05:09:51
758,5320.79,null,Travel,IRCTC,2026-01-15T08:03:39
759,4186.55,null,Fuel,IndianOil,2026-01-15T09:16:53
760,38.74,null,Fees,ATM Withdrawal Fee,2026-01-15T10:07:41
761,647.71,null,Utilities,Water Bill,2026-01-15T15:36:33
762,null,10004.39,Transfer,Bank Transfer In,2026-01-15T22:50:53
763,1247.86,null,Entertainment,BookMyShow,2026-01-16T00:57:38
764,621.54,null,Utilities,Water Bill,2026-01-16T02:30:29
765,null,4740.88,Refund,Merchant Refund,2026-01-16T19:06:06
766,396.10,null,Dining,McDonald's,2026-01-16T21:43:29
767,49.67,null,Food,Milk,2026-01-17T18:47:51
768,338.84,null,Transport,Uber,2026-01-18T05:39:10
769,null,21162.23,Cash Deposit,Cash Deposit,2026-01-19T15:00:51
770,444.58,null,Food,Cafe Coffee Day,2026-01-19T20:58:48
771,3719.97,null,Fuel,IndianOil,2026-01-20T00:45:18
772,2113.66,null,Travel,IRCTC,2026-01-20T01:24:58
773,3741.65,null,Utilities,Electricity Bill,2026-01-20T13:13:23
774,40.82,null,Fees,ATM Withdrawal Fee,2026-01-20T13:17:04
775,null,22427.47,Cash Deposit,Cash Deposit,2026-01-20T14:58:19
776,806.05,null,Travel,IRCTC,2026-01-20T15:34:10
777,3893.45,null,Utilities,Electricity Bill,2026-01-21T04:45:15
778,null,8355.77,Cash Deposit,Cash Deposit,2026-01-21T05:54:03
779,null,54726.40,Bonus,Performance Bonus,2026-01-21T08:16:30
780,320.74,null,Dining,McDonald's,2026-01-21T11:09:47
781,1881.63,null,Cash Withdrawal,ATM Withdrawal,2026-01-21T11:42:50
782,982.60,null,Dining,McDonald's,2026-01-21T12:06:02
783,null,52293.31,Bonus,Performance Bonus,2026-01-21T16:03:27
784,1918.06,null,Travel,IRCTC,2026-01-22T04:32:25
785,101.48,null,Food,Milk,2026-01-22T12:08:43
786,null,5847.78,Refund,Merchant Refund,2026-01-22T23:16:24
787,848.61,null,Transport,Uber,2026-01-23T13:34:20
788,6508.37,null,Shopping,Amazon,2026-01-24T07:58:05
789,null,810.01,Interest,Savings Interest,2026-01-24T09:40:09
790,2617.33,null,Utilities,Electricity Bill,2026-01-24T20:29:31
791,7492.93,null,Transfer,UPI Transfer,2026-01-25T03:06:20
792,6716.09,null,Shopping,Flipkart,2026-01-25T19:02:24
793,3339.99,null,Fuel,IndianOil,2026-01-26T04:51:09
794,1635.57,null,Healthcare,Apollo Pharmacy,2026-01-27T00:52:48
795,9327.05,null,Transfer,UPI Transfer,2026-01-27T03:28:06
796,null,23860.51,Transfer,Bank Transfer In,2026-01-27T12:43:29
797,null,1353.06,Refund,Merchant Refund,2026-01-27T15:45:27
798,182.06,null,Entertainment,BookMyShow,2026-01-28T00:40:50
799,361.66,null,Entertainment,Netflix,2026-01-28T06:04:23
800,468.30,null,Dining,McDonald's,2026-01-28T16:07:48
801,null,168765.75,Salary,Monthly Salary,2026-01-28T16:21:58
802,null,4765.61,Transfer,Bank Transfer In,2026-01-28T16:58:10
803,473.47,null,Dining,McDonald's,2026-01-28T22:43:38
804,1979.71,null,Shopping,Flipkart,2026-01-29T03:18:40
805,null,16858.73,Transfer,Bank Transfer In,2026-01-30T03:53:03
806,1141.41,null,Entertainment,BookMyShow,2026-01-30T09:44:25
807,3334.42,null,Groceries,DMart,2026-01-30T17:28:09
808,515.08,null,Utilities,Water Bill,2026-01-30T19:05:15
809,null,3228.14,Refund,Merchant Refund,2026-01-30T20:27:17
810,1170.88,null,Entertainment,BookMyShow,2026-01-31T01:13:08
811,36650.54,null,Rent,House Rent,2026-01-31T19:35:04
812,2968.92,null,Utilities,Electricity Bill,2026-02-02T00:26:39
813,44.64,null,Fees,ATM Withdrawal Fee,2026-02-02T02:43:45
814,349.94,null,Entertainment,BookMyShow,2026-02-02T20:14:41
815,3340.65,null,Shopping,Amazon,2026-02-04T05:03:55
816,320.82,null,Utilities,Water Bill,2026-02-04T09:30:40
817,null,14840.69,Cash Deposit,Cash Deposit,2026-02-05T13:17:06
818,null,263.84,Interest,Savings Interest,2026-02-05T15:08:22
819,24.45,null,Fees,ATM Withdrawal Fee,2026-02-05T22:49:18
820,6519.31,null,Cash Withdrawal,ATM Withdrawal,2026-02-05T23:06:42
821,3136.27,null,Fuel,IndianOil,2026-02-06T00:00:02
822,1246.82,null,Transport,Uber,2026-02-06T01:08:16
823,null,1002.89,Transfer,Bank Transfer In,2026-02-06T05:57:24
824,null,4330.27,Cash Deposit,Cash Deposit,2026-02-06T06:47:55
825,null,245.96,Refund,Merchant Refund,2026-02-07T16:44:04
826,null,24185.99,Cash Deposit,Cash Deposit,2026-02-07T21:07:06
827,358.78,null,Utilities,Water Bill,2026-02-07T22:25:47
828,1330.46,null,Internet,JioFiber,2026-02-08T04:31:34
829,6487.85,null,Cash Withdrawal,ATM Withdrawal,2026-02-08T23:44:12
830,null,157234.04,Salary,Monthly Salary,2026-02-09T16:07:49
831,1522.79,null,Utilities,Electricity Bill,2026-02-09T17:44:59
832,441.17,null,Utilities,Water Bill,2026-02-10T04:16:55
833,null,23019.56,Transfer,Bank Transfer In,2026-02-10T18:52:03
834,397.13,null,Dining,McDonald's,2026-02-10T21:09:30
835,6402.09,null,Shopping,Flipkart,2026-02-11T01:11:20
836,3369.07,null,Shopping,Flipkart,2026-02-11T16:02:05
837,938.33,null,Dining,McDonald's,2026-02-12T08:39:25
838,844.60,null,Utilities,Water Bill,2026-02-13T15:39:47
839,136.85,null,Food,Milk,2026-02-15T02:25:20
840,null,149815.83,Salary,Monthly Salary,2026-02-15T12:31:14
841,27.08,null,Fees,ATM Withdrawal Fee,2026-02-15T17:43:06
842,27.00,null,Fees,ATM Withdrawal Fee,2026-02-16T07:39:10
843,729.76,null,Transport,Uber,2026-02-16T11:30:41
844,1384.53,null,Entertainment,BookMyShow,2026-02-16T15:36:16
845,1936.76,null,Utilities,Electricity Bill,2026-02-16T23:22:57
846,989.64,null,Utilities,Water Bill,2026-02-17T06:55:24
847,26458.31,null,Rent,House Rent,2026-02-17T15:05:09
848,1763.99,null,Utilities,Electricity Bill,2026-02-17T18:56:58
849,525.26,null,Utilities,Water Bill,2026-02-18T01:46:36
850,27.17,null,Fees,ATM Withdrawal Fee,2026-02-18T09:28:25
851,8205.08,null,Insurance,Health Insurance,2026-02-19T06:06:09
852,176.38,null,Food,Milk,2026-02-19T13:54:22
853,2811.49,null,Travel,IRCTC,2026-02-19T15:18:12
854,null,4467.38,Cash Deposit,Cash Deposit,2026-02-19T15:40:46
855,21.14,null,Fees,ATM Withdrawal Fee,2026-02-19T18:03:20
856,null,398.53,Interest,Savings Interest,2026-02-19T19:19:48
857,68.66,null,Food,Milk,2026-02-19T21:52:39
858,2489.93,null,Transfer,UPI Transfer,2026-02-20T06:02:38
859,8946.07,null,Cash Withdrawal,ATM Withdrawal,2026-02-20T07:34:37
860,359.94,null,Utilities,Water Bill,2026-02-20T14:35:00
861,280.02,null,Food,Cafe Coffee Day,2026-02-20T15:50:59
862,3858.30,null,Travel,IRCTC,2026-02-20T19:55:40
863,276.30,null,Food,Cafe Coffee Day,2026-02-20T23:13:20
864,3990.89,null,Travel,IRCTC,2026-02-21T13:17:12
865,null,16124.49,Cash Deposit,Cash Deposit,2026-02-21T16:31:53
866,171.98,null,Food,Milk,2026-02-21T23:41:26
867,null,605.73,Interest,Savings Interest,2026-02-22T12:13:47
868,null,688.60,Interest,Savings Interest,2026-02-23T03:53:41
869,2154.63,null,Groceries,DMart,2026-02-23T15:51:30
870,410.08,null,Entertainment,BookMyShow,2026-02-23T20:58:42
871,3208.47,null,Shopping,Amazon,2026-02-24T13:08:38
872,2302.29,null,Shopping,Flipkart,2026-02-24T22:45:14
873,2222.11,null,Shopping,Flipkart,2026-02-25T08:59:13
874,2313.25,null,Cash Withdrawal,ATM Withdrawal,2026-02-25T15:21:21
875,2663.73,null,Fuel,IndianOil,2026-02-25T19:32:56
876,276.84,null,Shopping,Amazon,2026-02-26T02:11:16
877,647.04,null,Cash Withdrawal,ATM Withdrawal,2026-02-26T15:24:26
878,5934.28,null,Cash Withdrawal,ATM Withdrawal,2026-02-26T17:44:38
879,null,3436.84,Refund,Merchant Refund,2026-02-27T03:30:09
880,3924.62,null,Groceries,DMart,2026-02-27T23:36:35
881,9762.80,null,Cash Withdrawal,ATM Withdrawal,2026-02-28T06:01:40
882,1374.64,null,Utilities,Electricity Bill,2026-02-28T07:26:48
883,1264.82,null,Healthcare,Apollo Pharmacy,2026-02-28T08:02:53
884,2936.18,null,Insurance,Health Insurance,2026-02-28T12:30:31
885,1791.03,null,Insurance,Health Insurance,2026-03-01T10:57:05
886,979.62,null,Shopping,Amazon,2026-03-01T13:30:53
887,18527.76,null,Rent,House Rent,2026-03-01T18:55:49
888,1413.82,null,Healthcare,Apollo Pharmacy,2026-03-01T20:33:47
889,10164.98,null,Transfer,UPI Transfer,2026-03-01T23:16:02
890,2649.47,null,Utilities,Electricity Bill,2026-03-02T04:47:51
891,null,699.32,Interest,Savings Interest,2026-03-02T06:06:41
892,3574.85,null,Shopping,Amazon,2026-03-02T08:05:23
893,45.25,null,Food,Milk,2026-03-03T03:03:35
894,17154.80,null,Rent,House Rent,2026-03-03T12:39:09
895,1192.21,null,Dining,McDonald's,2026-03-04T02:43:15
896,1187.02,null,Shopping,Amazon,2026-03-05T06:43:13
897,140.93,null,Food,Milk,2026-03-05T08:27:07
898,3796.31,null,Shopping,Amazon,2026-03-05T14:50:42
899,933.71,null,Entertainment,BookMyShow,2026-03-05T15:06:30
900,1304.76,null,Internet,JioFiber,2026-03-05T19:13:16
901,3204.54,null,Cash Withdrawal,ATM Withdrawal,2026-03-06T03:17:00
902,816.64,null,Internet,JioFiber,2026-03-06T18:07:04
903,8609.67,null,Insurance,Health Insurance,2026-03-07T06:16:42
904,null,41273.57,Salary,Monthly Salary,2026-03-07T11:46:09
905,810.26,null,Transport,Uber,2026-03-07T14:53:34
906,3784.63,null,Travel,IRCTC,2026-03-07T20:40:39
907,null,703.57,Interest,Savings Interest,2026-03-08T11:01:07
908,null,9989.02,Cash Deposit,Cash Deposit,2026-03-09T10:41:46
909,2891.94,null,Fuel,IndianOil,2026-03-10T02:28:16
910,468.76,null,Entertainment,Netflix,2026-03-10T07:47:07
911,2512.14,null,Healthcare,Apollo Pharmacy,2026-03-10T12:49:55
912,1959.65,null,Healthcare,Apollo Pharmacy,2026-03-10T16:52:16
913,3272.42,null,Shopping,Amazon,2026-03-10T17:56:33
914,457.17,null,Transport,Uber,2026-03-10T22:08:00
915,2296.01,null,Utilities,Electricity Bill,2026-03-11T06:25:51
916,21.59,null,Fees,ATM Withdrawal Fee,2026-03-11T22:41:43
917,3683.78,null,Travel,IRCTC,2026-03-13T06:12:58
918,1325.11,null,Utilities,Electricity Bill,2026-03-13T13:15:22
919,1010.74,null,Dining,McDonald's,2026-03-14T01:37:18
920,null,8838.34,Transfer,Bank Transfer In,2026-03-14T05:38:08
921,394.62,null,Food,Cafe Coffee Day,2026-03-14T09:17:40
922,19151.68,null,Rent,House Rent,2026-03-14T19:08:53
923,3037.19,null,Utilities,Electricity Bill,2026-03-14T19:10:38
924,1462.79,null,Entertainment,BookMyShow,2026-03-15T04:54:36
925,1986.70,null,Fuel,IndianOil,2026-03-15T05:28:10
926,564.89,null,Utilities,Water Bill,2026-03-16T05:06:40
927,996.32,null,Healthcare,Apollo Pharmacy,2026-03-16T15:01:53
928,2128.29,null,Groceries,DMart,2026-03-16T22:52:54
929,1876.88,null,Internet,JioFiber,2026-03-17T23:16:01
930,711.70,null,Internet,JioFiber,2026-03-18T00:31:58
931,537.33,null,Utilities,Water Bill,2026-03-18T02:09:18
932,5910.74,null,Shopping,Amazon,2026-03-18T06:10:41
933,3054.79,null,Travel,IRCTC,2026-03-18T19:48:08
934,3469.31,null,Shopping,Flipkart,2026-03-19T04:40:53
935,3871.37,null,Groceries,DMart,2026-03-19T05:58:51
936,30970.70,null,Rent,House Rent,2026-03-19T13:15:42
937,1134.85,null,Internet,JioFiber,2026-03-19T18:05:33
938,304.67,null,Transfer,UPI Transfer,2026-03-20T00:10:25
939,6169.21,null,Shopping,Amazon,2026-03-20T01:02:51
940,1989.77,null,Groceries,DMart,2026-03-21T05:09:02
941,null,860.92,Interest,Savings Interest,2026-03-21T06:29:58
942,1104.85,null,Cash Withdrawal,ATM Withdrawal,2026-03-21T07:50:09
943,917.86,null,Fuel,IndianOil,2026-03-22T05:40:19
944,null,93.74,Interest,Savings Interest,2026-03-22T09:39:48
945,1050.67,null,Utilities,Water Bill,2026-03-22T15:07:15
946,1447.01,null,Entertainment,BookMyShow,2026-03-22T16:14:05
947,540.37,null,Transfer,UPI Transfer,2026-03-23T17:18:21
948,14416.68,null,Rent,House Rent,2026-03-24T13:06:12
949,1537.47,null,Shopping,Amazon,2026-03-24T15:59:33
950,1388.50,null,Transport,Uber,2026-03-25T11:13:01
951,null,3517.93,Transfer,Bank Transfer In,2026-03-26T08:48:09
952,448.63,null,Dining,McDonald's,2026-03-26T15:43:59
953,null,141549.50,Salary,Monthly Salary,2026-03-27T00:39:08
954,90.83,null,Food,Milk,2026-03-27T05:40:28
955,1944.51,null,Groceries,DMart,2026-03-27T08:27:04
956,1867.36,null,Shopping,Amazon,2026-03-27T15:22:22
957,null,307.45,Interest,Savings Interest,2026-03-28T03:09:38
958,3011.24,null,Healthcare,Apollo Pharmacy,2026-03-28T05:34:04
959,169.83,null,Food,Milk,2026-03-28T05:54:03
960,1530.31,null,Groceries,DMart,2026-03-28T09:11:29
961,244.33,null,Dining,McDonald's,2026-03-28T16:12:45
962,null,22493.98,Transfer,Bank Transfer In,2026-03-29T19:20:50
963,345.80,null,Transfer,UPI Transfer,2026-03-30T00:02:12
964,1006.64,null,Utilities,Water Bill,2026-03-30T02:56:01
965,2154.71,null,Fuel,IndianOil,2026-03-30T13:37:12
966,1031.52,null,Utilities,Water Bill,2026-03-30T17:11:28
967,4060.89,null,Groceries,DMart,2026-03-30T21:25:31
968,513.21,null,Shopping,Flipkart,2026-03-31T10:24:50
969,780.40,null,Healthcare,Apollo Pharmacy,2026-03-31T11:28:00
970,278.93,null,Shopping,Flipkart,2026-03-31T16:20:57
971,532.24,null,Entertainment,BookMyShow,2026-04-01T10:54:12
972,538.61,null,Dining,McDonald's,2026-04-01T12:48:43
973,109.57,null,Food,Milk,2026-04-01T14:01:10
974,2236.24,null,Shopping,Amazon,2026-04-02T07:19:24
975,703.86,null,Entertainment,BookMyShow,2026-04-02T10:54:12
976,18.67,null,Fees,ATM Withdrawal Fee,2026-04-03T05:07:40
977,31.96,null,Fees,ATM Withdrawal Fee,2026-04-03T05:47:27
978,1098.34,null,Transport,Uber,2026-04-04T02:57:16
979,2329.37,null,Travel,IRCTC,2026-04-05T09:32:42
980,3816.71,null,Travel,IRCTC,2026-04-06T21:41:45
981,935.96,null,Entertainment,BookMyShow,2026-04-06T22:14:01
982,null,25862.20,Bonus,Performance Bonus,2026-04-07T17:44:21
983,993.58,null,Entertainment,BookMyShow,2026-04-07T19:40:30
984,1662.08,null,Healthcare,Apollo Pharmacy,2026-04-07T20:21:02
985,345.80,null,Entertainment,Netflix,2026-04-08T04:14:43
986,33369.27,null,Rent,House Rent,2026-04-08T07:36:21
987,1053.27,null,Internet,JioFiber,2026-04-08T13:51:49
988,31688.35,null,Rent,House Rent,2026-04-08T13:52:16
989,null,6172.19,Cash Deposit,Cash Deposit,2026-04-08T19:17:49
990,null,78289.71,Salary,Monthly Salary,2026-04-08T19:20:22
991,1324.47,null,Transport,Uber,2026-04-09T06:44:34
992,2425.64,null,Utilities,Electricity Bill,2026-04-09T18:03:40
993,308.64,null,Healthcare,Apollo Pharmacy,2026-04-10T01:28:38
994,null,20579.67,Cash Deposit,Cash Deposit,2026-04-10T11:13:27
995,1398.72,null,Transfer,UPI Transfer,2026-04-11T02:49:43
996,4846.74,null,Travel,IRCTC,2026-04-11T15:13:49
997,26695.91,null,Rent,House Rent,2026-04-12T06:40:58
998,5748.00,null,Travel,IRCTC,2026-04-12T12:48:33
999,7030.01,null,Cash Withdrawal,ATM Withdrawal,2026-04-12T14:16:43
1000,null,15910.53,Transfer,Bank Transfer In,2026-04-13T10:03:08
